INSERT INTO tipo_animal (id, nombre) VALUES (1,'Perro');
INSERT INTO tipo_animal (id, nombre) VALUES (2,'Gato');
ALTER SEQUENCE tipo_animal_seq RESTART WITH 100;

INSERT INTO animal (id, nombre, apodo, aspectos_veterinarios, fecha_nacimiento, genero, foto, tipo_animal_id, historia, raza) VALUES (1, 'Kenai', 'Kenai el perro feliz', 'KENAI está completamente sano. Se entrega con chip, pasaporte, vacunas al día, test de enfermedades negativo de anaplasma, erliquia, filaria y leishmaniosis. Además, se entrega esterilizado.', '2022-01-01', 'Macho','https://img.huffingtonpost.es/files/image_720_480/uploads/2023/06/22/un-perro-de-raza-labrador.jpeg' ,1, 'KENAI fue recogido de la calle abandonado y desatendido, con una soga al cuello. ¿Quizás le tenían atado a la intemperie hasta que se hartaron de él?. No conocemos su pasado pero si sabemos que ahora, pasa a formar parte de la familia del refugio donde esperará una familia que se enamore de él y le cuide como a un miembro más.',  'Mestizo ' );
INSERT INTO animal (id, nombre, apodo, aspectos_veterinarios, fecha_nacimiento, genero, foto, tipo_animal_id, historia, raza) VALUES (2, 'Lola', 'LOLA necesita una oportunidad', 'LOLA es positiva a Leishmania, ya se encuentra con tratamiento.Se entrega con chip, pasaporte, vacunas al día y test de enfermedades negativo de anaplasma, erliquia, filaria. Además, se entrega esterilizada.', '2022-09-09', 'Hembra','https://elrefugioescuela.com/sofia/wp-content/uploads/2024/04/IMG_20240426_133133-1-2048x1152.jpg' ,1, 'Una compañera nos comentó que pertenecían hombre que ya no las quería y que prefirió confinarlas en una pequeña jaula de 2×2 metros en un polígono, sin tratamiento y casi sin comida ni agua en vez de buscarles un nuevo hogar. Hoy, han sido por fin, cedidas a nuestro refugio y las vamos a cuidar como se merecen y encontrarles un nuevo hogar donde sean un miembro más de la familia.', 'Mestizo' );
INSERT INTO animal (id, nombre, apodo, aspectos_veterinarios, fecha_nacimiento, genero, foto, tipo_animal_id, historia, raza) VALUES (3, 'Florita', 'La gatita FLORITA', 'FLORITA es positiva en CALICIVIRUS, algo que no le impide hacer vida normal. Eso sí, debe ser gatihija única o vivir con otros gatos también positivos en esta enfermdad. Con perros y humanos no es contagioso, por lo que no hay ningún problema. Por lo demás, es negativa a leucemia e inmuno, tiene todas sus vacunas en regla, chip, cartilla veterianaria, desparasitaciones y está esterilizada.', '2022-09-25', 'Hembra','https://elrefugioescuela.com/sofia/wp-content/uploads/2022/04/portada-adoptar-gata-rubia-y-blanca-linda-1024x619.png' ,2, 'FLORITA vivía en la calle y pertenecía a una colonia controlada cerca del refugio. Pero ella quería tener una familia que la protegiera y cuidara. Poco a poco empezó a mostrarse más sociable y confiada con los voluntarios a diferencia de sus compañeros de la colonia, que evitan acercarse más de lo necesario. Cada vez que veníamos, ella ya estaba allí y saludaba, nos hacía carantoñas y se dejaba coger, mimar y acariciar. No tenía miedo a los perros, a los que se acercaba sin dudar, con lo cual tenerla por allí empezaba a representar un peligro para todos e iba a suponer un disgusto. En pocos días, FLORITA empezó a formar parte oficialmente de nuestro refugio en una de nuestras gateras, teniendo así la oportunidad de encontrar un hogar. Mientras vivirá segura y recibiendo todas las atenciones.',  'Angora turco' );
INSERT INTO animal (id, nombre, apodo, aspectos_veterinarios, fecha_nacimiento, genero, foto, tipo_animal_id, historia, raza) VALUES (4, 'Vito', 'Solo amor para el perro VITO', 'VITO, a pesar de su joven edad, ha vivido historias duras, lo que han hecho que valore mucho las muestras de afecto. Es un perrito ágil y fuerte y lo demuestra en su forma de jugar. Es feliz con espacio donde poder correr y busca tener la atención de su familia. Gracias a los cuidados y el adiestramiento que ha recibido, ha cambiado muchísimo; ahora es mucho más obediente y socializa con otros perros muy pronto. En los paseos es más tranquilo y hace más caso a la persona que le pasea. Ya está aprendiendo a bañarse. Avanza a pasos agigantados. Su inteligencia y su nobleza hacen que aprenda y mejore muchísimo.', '2019-09-24', 'Macho','https://elrefugioescuela.com/sofia/wp-content/uploads/2022/03/vito-portada-neuva-1024x619.png' ,1, 'A VITO le cambió radicalmente su vida desde el momento en el que una buena amiga conoció su historia y trajo hasta nosotros. Supo que nuestro peludo sufrió maltrato físico en la casa donde vivía y había acabado en el Zoosanitario.',  'Cruce' );
INSERT INTO animal (id, nombre, apodo, aspectos_veterinarios, fecha_nacimiento, genero, foto, tipo_animal_id, historia, raza) VALUES (5, 'Billy', 'El simpático BILLY', 'BILLY es puro amor y dulzura pero, como todo gatito joven, está en edad de aprendizaje y curiosidad por todo, así que, los juegos gatunos como corretear por la casa y algún que otro salto inesperado, son parte del día a día. Es un pequeñajo, además de guapetón, simpático, divertido y muy amoroso. Sabe hacer sus cositas en el arenero y se ha adaptado muy bien a vivir entre personas.', '2021-06-07', 'Macho','https://elrefugioescuela.com/sofia/wp-content/uploads/2022/12/billy-portada-2-1024x576.jpg' ,2, 'BILLY debía de llevar mucho tiempo solito en la calle, sin refugio y protección ya que, en el momento del rescate, se encontraba muy sucio, asustado y con un hambre brutal. Por fortuna, ahora forma parte de nuestro Refugio y vive en la gatera con otros compis gatunos.', '-' );
INSERT INTO animal (id, nombre, apodo, aspectos_veterinarios, fecha_nacimiento, genero, foto, tipo_animal_id, historia, raza) VALUES (6, 'Blanca', 'BLANCA, de mirada fiel', ' BLANCA está sana. Los resultados del test de enfermedades dieron negativo en todas (erliquia, filaria, leishmaniosis). Tiene chip, cartilla veterinaria, está al día de vacunas, desparasitiación y está esterilizada. Preparada para encontrar por fin a una familia bonita que desee adoptarla. ', '2018-05-16', 'Hembra','https://elrefugioescuela.com/sofia/wp-content/uploads/2019/11/blanca-22.jpg' , 1, 'BLANCA sufrió el abandono dentro de su propio hogar. Vivía, junto con otros perros, en la azotea de una casa. La falta de socialización durante este tiempo, ha hecho que BLANCA necesite pautas para relacionarse con perros desconocidos. ', '' );
INSERT INTO animal (id, nombre, apodo, aspectos_veterinarios, fecha_nacimiento, genero, foto, tipo_animal_id, historia, raza) VALUES (7, 'Celeste', 'La gata CELESTE', 'CELESTE, además de ser un bellezón, es una gatita muy cariñosa y entregada a las personas. En su casa convivía feliz entre quienes cuidaban de ella y, en el refugio, se muestra mimosa con todos los voluntarios. Con el resto de gatos, poco a poco, va aceptando el cambio y cada día se relaciona más con sus compis gatunos. Es una gatita joven que con tiempo, paciencia y mucho cariño podría adaptarse a cualquier tipo de familia que le de una oportunidad.CELESTE dio positivo en inmunodeficiencia en el test de enfermedades. Es una enfermedad que tiene un riesgo de contagio bajo en el caso de nuestros gatos en adopción. Esto se debe a que tan solo se transmite a través de la sangre o por relaciones sexuales. Todos están esterilizados y en un ambiente de calma con todas sus necesides cubiertas, por lo que ambas opciones de transmisión no tienen presencia. Si tienes dudas al respecto, puedes consultar en cualquier veterinario. ', '2019-05-05', 'Hembra','https://elrefugioescuela.com/sofia/wp-content/uploads/2022/12/celeste-portada-1024x576.jpg' , 2, 'CELESTE vivía en una colonia de Sevilla hasta el pasado mes de junio de 2021 aproximadamente, momento en el que una buena amiga, la rescató, a ella y a sus bebés; acogidos, afortunadamente, en otra asociación, ya que nuestro refugio no está acondicionado para cachorritos. CELESTE pasó unos días con su familia de acogida para realizarle el test de enfermedades, vacunarla, chipearla y pasar el post operatorio tranquila y sin riesgo para su salud.', 'Maine Coon' );
INSERT INTO animal (id, nombre, apodo, aspectos_veterinarios, fecha_nacimiento, genero, foto, tipo_animal_id, historia, raza) VALUES (8, 'Aitor', 'EL GATO AITOR', 'AITOR es un gatito súper entrañable. Llegó hasta nosotros algo tímido e inseguro, pero a medida que fueron pasando los días, dejó escapar su verdadero yo gatuno ¡No sabes cuánto le gusta disfrutar de los mimos! Se ha vuelto el más cariñoso de toda la gatera. En cuanto uno de los voluntarios asoma la cabeza por la casita de nuestros felinos, AITOR ya comienza su ritual de estiramientos, maulliditos y puesta en práctica del rozamiento y conseguir así, engatusarte un poquito más cada día. Y nosotros … ¡tan felices! Es un gatito sociable, afectuoso, muy, muy cariñoso, respetuoso con sus compis felinos. Más que apto para comenzar una nueva vida junto a ti y rodeado de esa tranquilidad y seguridad que solo da el hogar.', '2020-11-20', 'Macho','https://elrefugioescuela.com/sofia/wp-content/uploads/2022/11/aitor-2-1024x1024.jpg' , 2, 'AITOR es un gato que ha vivido siempre en familia, rodeado de otros felinos y de personas. Pertenecía a un grupo numeroso, unos 15 gatos habitaban su anterior hogar, todos bien alimentados y cuidados. Desde principios del 2021 su rescatadora ha querido darle la oportunidad, junto a sus otros tres hermanos en adopción, FATIMA, CHUCHI y PATXI, de encontrar una familia donde vivir con mayor tranquilidad y recibir todos los mimitos y cariños. Los hermanos se pueden adoptar todos juntos, en pareja o por separado.', 'Siamés ' );
INSERT INTO animal (id, nombre, apodo, aspectos_veterinarios, fecha_nacimiento, genero, foto, tipo_animal_id, historia, raza) VALUES (9, 'Ludovico', 'El noble LUDOVICO', 'LUDOVICO está completamente sano. Se entrega con chip, pasaporte, vacunas al día, test de enfermedades negativo de anaplasma, erliquia, filaria y leishmaniosis. Además, se entrega esterilizado.', '2021-05-08', 'Macho','https://elrefugioescuela.com/sofia/wp-content/uploads/2023/06/1687710156192-1-926x1024.jpg' , 1, 'Se encontraba deambulando por la autovía hasta que una persona pudo parar y recogerlo. A pesar de las dificultades, ya que esta persona se dirijía a trabajar, no dudó en recogerlo y ayudarlo. Más personas así hacen falta en este mundo. No conocemos más de su pasado, pero sí conocemos en qué condiciones fue encontrado. Sucio, delgado y lleno de parásitos…no hace falta decir más.', 'Cruce' );
INSERT INTO animal (id, nombre, apodo, aspectos_veterinarios, fecha_nacimiento, genero, foto, tipo_animal_id, historia, raza) VALUES (10, 'Lena', 'LENA, una historia de superación', 'LENA se entrega con chip, pasaporte, vacunas al día y test de enfermedades de anaplasma, erliquia, filaria y leishmaniosis. Además, se entrega esterilizada.', '2022-04-05', 'Hembra','https://elrefugioescuela.com/sofia/wp-content/uploads/2024/04/IMG-20240404-WA0020-1024x576.jpg' , 1, 'Como suele pasar con los perros de caza, LENA ha debido de tener un pasado aterrador, solo hay que ver su pánico y esa mirada apagada, pero sabemos que detrás de esos ojos tristes hay una perra que desea con todas sus fuerzas confiar en las personas y conocer, por fin, la felicidad, esa que tanto se merece.', 'Mestiza' );
INSERT INTO animal (id, nombre, apodo, aspectos_veterinarios, fecha_nacimiento, genero, foto, tipo_animal_id, historia, raza) VALUES (11, 'Megan', 'La preciosa MEGAN', 'MEGAN es negativa en leucemia, inmunodeficiencia felina y calicivirus. Se entrega esterilizada, desparasitada, con chip y vacunas al día.', '2024-01-05', 'Hembra','https://elrefugioescuela.com/sofia/wp-content/uploads/2024/04/IMG-20240423-WA0038-1024x576.jpg' , 2, 'Rescatada junto a su hermanito HARRY cuando estaban recién nacidos, han crecido sanos y fuertes como campeones que son y ahora les toca encontrar una familia definitiva. MEGAN es una pequeña aventurera, un poco más pequeña que su hermano HARRY pero dispuesta a comerse el mundo. Es tierna y cariñosa.', 'American shorthair' );
INSERT INTO animal (id, nombre, apodo, aspectos_veterinarios, fecha_nacimiento, genero, foto, tipo_animal_id, historia, raza) VALUES (12, 'Harry', 'Súper HARRY', 'HARRY es negativo en leucemia, inmunodeficiencia felina y calicivirus. Se entrega esterilizado, desparasitado, con chip y vacunas al día.', '2024-01-05', 'Macho','https://elrefugioescuela.com/sofia/wp-content/uploads/2024/04/IMG-20240423-WA0039-1024x576.jpg' , 2, 'Rescatado junto a su hermanita MEGAN cuando estaban recién nacidos, han crecido sanos y fuertes como campeones que son y ahora les toca encontrar una familia definitiva. HARRY es todo un valiente. A pesar de que ha sido complicado sacarlos adelante, ambos lo han logrado. Él es cariñoso y curioso, está deseando descubrir y conocer el mundo.', 'American shorthair' );

ALTER SEQUENCE animal_seq RESTART WITH 100;

INSERT INTO categoria(id, nombre) VALUES (1,'Medicinas');
INSERT INTO categoria(id, nombre) VALUES (2,'Juguetes');
INSERT INTO categoria(id, nombre) VALUES (3,'Alimentos');
INSERT INTO categoria(id, nombre) VALUES (4,'Accesorios');
ALTER SEQUENCE categoria_seq RESTART WITH 100;

INSERT INTO producto (id, nombre, precio, descripcion, foto, cat_producto_id, fecha_ingreso) VALUES (1, 'TREATTRICKS PUPPY MORDEDOR EN FORMA DE T-REX PARA PERROS', 7.99, 'Este juguete para perros es de goma en color morado. La forma simula un dinosaurio T-Rex, es de un material flexible y muy resistente para que pueda jugar sin poner en peligro su salud. Además, sirve para colocar snacks y que tu peludo pueda jugar con él hasta conseguir comérselos. Es una forma de premiarle y que se entretenga durante el día. Este tipo de juguetes ayudan a desarrollar la parte inteligente del cerebro de tu perro. Deberás dar este alimento complementario a tu peludo junto con una alimentación sana y equilibrada. Además de hidratarle siempre con agua fresca. Este producto junto sus snacks deberás mantenerle un lugar fresco y seco. No está indicado para perros menores de 6 meses.', 'https://www.kiwoko.com/dw/image/v2/BDLQ_PRD/on/demandware.static/-/Sites-kiwoko-master-catalog/default/dw43a14d2c/images/juguetes_perro_treat_tricks_dental_puppy_trex_TRT88638_M.jpg?sw=780&sh=780&q=85', 2,'2024-02-25');
INSERT INTO producto (id, nombre, precio, descripcion, foto, cat_producto_id, fecha_ingreso) VALUES (2, 'HILLS SCIENCE PLAN ADULT MEDIUM POLLO PIENSO PARA PERROS', 20.50, 'El pienso para perros Hills Adult Light  con pollo es un pienso para perros de 1 a 7 años de edad que necesiten una menor cantidad de calorías: perros poco activos, esterilizados o con tendencia al sobrepeso. ', 'https://www.kiwoko.com/dw/image/v2/BDLQ_PRD/on/demandware.static/-/Sites-kiwoko-master-catalog/default/dwcb551f6d/images/pienso_perros_hills_adult_light_pollo_newpack_HIL7703DA_M_JN23%20(1).jpg?sw=528&sh=528', 3, '2024-02-25');
INSERT INTO producto (id, nombre, precio, descripcion, foto, cat_producto_id, fecha_ingreso) VALUES (3, 'NOVA CLEAN PORTA BOLSAS + 360 BOLSAS HIGIÉNICAS PARA HECES DE PERROS', 8.89, 'No te quedes sin bolsas higiénicas cuando vayas con tu mascota, con el pack económico de Nova Clean dispondrás de todas las bolsas que necesites durante un largo período de tiempo. En esta ocasión, además, el pack incluye un cómodo y práctico dispensador que puedes llevar colgado de la correa o de tu bolsa.', 'https://www.kiwoko.com/dw/image/v2/BDLQ_PRD/on/demandware.static/-/Sites-kiwoko-master-catalog/default/dw47daee9f/images/accesorios_perros_pack_dispensador_bolsas_NCL88654.jpg?sw=780&sh=780&q=85', 4, '2024-04-13');
INSERT INTO producto (id, nombre, precio, descripcion, foto, cat_producto_id, fecha_ingreso) VALUES (4, 'SERESTO COLLAR ANTIPARASITARIO PARA GATOS', 34.25, 'El collar antiparasitario externo de Seresto protege a tu gato contra pulgas, garrapatas y piojos durante un ciclo de hasta 8 meses; la duración más larga del mercado de todos los productos antiparasitarios. El collar Seresto para gatos es uno de los métodos más cómodos que existen, para que no tengas los comunes olvidos de otros sistemas mensuales, ya que solo tienes que colocarlo en el cuello de tu mascota y ningún parásito le atacará durante todo este tiempo. ', 'https://www.kiwoko.com/dw/image/v2/BDLQ_PRD/on/demandware.static/-/Sites-kiwoko-master-catalog/default/dw6f73813b/images/antiparasitarios_gatos_collar_seresto_BAY83883953.jpg?sw=528&sh=528', 1, '2024-02-25');
INSERT INTO producto (id, nombre, precio, descripcion, foto, cat_producto_id, fecha_ingreso) VALUES (5, 'FRONTPRO COMPRIMIDOS MASTICABLES ANTIPARASITARIO PARA PERROS', 32.41, 'Frontpro presenta estos comprimidos masticables antiparasitarios para perros, los cuales erradican a los parásitos externos con solo un comprimido al mes. Su principio activo es Afoxolaner, el cual es un insecticida y acaricida que provoca una reacción en el sistema nervioso central del perro, para matar a las pulgas, garrapatas y ácaros, incluso desde antes de que pongan huevos.', 'https://www.tiendanimal.es/dw/image/v2/BDLQ_PRD/on/demandware.static/-/Sites-kiwoko-master-catalog/default/dw21460e3a/images/Frontpro_Comprimidos_Masticables_Antiparasitario_para_perros_BOE154746_M_1%20(1).jpg?sw=528&sh=528', 1, '2024-02-25');
INSERT INTO producto (id, nombre, precio, descripcion, foto, cat_producto_id, fecha_ingreso) VALUES (6, 'ADVANCE ACTIVE DEFENSE MEDIUM PUPPY POLLO Y ARROZ PIENSO PARA PERROS', 23.79, 'El alimento para perros cachorros Affinity Advance Puppy Medium Pollo y Arroz es un alimento para perros especialmente indicado para Cachorros desde los 2 a los 12 meses de edad que en edad adulta alcancen un peso que se sitúe entre los 10 a los 30 kg. Se trata de una comida especialmente diseñada para aquellos perros que están comenzando a comer comida sólida y necesitan todas las vitaminas necesarias para un crecimiento sano.', 'https://www.kiwoko.com/dw/image/v2/BDLQ_PRD/on/demandware.static/-/Sites-kiwoko-master-catalog/default/dw4d09681e/images/pienso_perros_affinity_advance_puppy_medium_12kg_ADV507319_M_0.jpg?sw=780&sh=780&q=85', 3, '2024-02-25');
INSERT INTO producto (id, nombre, precio, descripcion, foto, cat_producto_id, fecha_ingreso) VALUES (7, 'CATZILLA ADULT STERILISED PIENSO PARA GATOS ESTERILIZADOS', 17.95, 'Los gatos y gatas esterilizadas tienen tendencia a ganar peso, es posible que se vuelvan más tranquilos y con menos nivel de energía, para evitar esto necesitan un tipo de alimentación adecuada a su estilo de vida. El pienso de Catzilla Sterilised para gatos y gatas esterilizadas tiene la composición ideal para que tu mascota no tenga problema a la hora de controlar su peso.','https://www.kiwoko.com/dw/image/v2/BDLQ_PRD/on/demandware.static/-/Sites-kiwoko-master-catalog/default/dwd4ba3c2f/images/comida_gatos_catzilla_feline_adult_sterilised_CTZ2217_M.jpg?sw=780&sh=780&q=85' , 3, '2024-04-30');
INSERT INTO producto (id, nombre, precio, descripcion, foto, cat_producto_id, fecha_ingreso) VALUES (8, 'PLAY&BITE PELOTA ROJA DE PLÁSTICO CON SONIDO', 4.99, 'Esta pelota Squeaky de Play&Bite para perros tiene un sonido integrado que llama la atención de tu perro cuando suena, además protege las encías de tu mascota y limpia sus dientes evitando el sarro gracias al relieve.', 'https://www.kiwoko.com/dw/image/v2/BDLQ_PRD/on/demandware.static/-/Sites-kiwoko-master-catalog/default/dw83a47ba8/images/play_bite_pelota_sonido_perros_PLB16482.jpg?sw=528&sh=528', 2, '2024-03-31');
INSERT INTO producto (id, nombre, precio, descripcion, foto, cat_producto_id, fecha_ingreso) VALUES (9, 'OUTECH COMEDERO PLEGABLE DE VIAJE PARA PERROS', 17.95, 'El OUTECH Comedero Plegable de Viaje para Perros es la elección ideal para dueños de mascotas que aman llevar a sus fieles amigos en aventuras al aire libre. Ya sea en un emocionante viaje de camping, una caminata en la montaña o un paseo tranquilo por el parque, este comedero plegable verde para perros se convierte en un aliado esencial.', 'https://www.kiwoko.com/dw/image/v2/BDLQ_PRD/on/demandware.static/-/Sites-kiwoko-master-catalog/default/dw8040852f/images/accesorios_perro_outech_bowl_doble_OUT88714_1.jpg?sw=780&sh=780&q=85', 4, '2024-02-11');
INSERT INTO producto (id, nombre, precio, descripcion, foto, cat_producto_id, fecha_ingreso) VALUES (10, 'MEDICALPET CONDROPROTECTOR EN COMPRIMIDOS PARA GATOS Y PERROS PEQUEÑOS Y MEDIANOS', 29.99, 'Suplemento para perros Medicalpet Condroprotector para el desgaste articular en razas pequeñas y medianas para perros y gatos de razas pequeñas y medianas, el suplemento para perros Medicalpet Condroprotector les ayuda a mejora su movilidad articular, regenerar la elasticidad de los cartílagos y reducir las molestias musculares.', 'https://www.kiwoko.com/dw/image/v2/BDLQ_PRD/on/demandware.static/-/Sites-kiwoko-master-catalog/default/dw793f45d5/images/suplemento_perros_pequenos_medicalpet_condroprotector_articulaciones_MDC42612_M.jpg?sw=528&sh=528', 1, '2024-01-22');
INSERT INTO producto (id, nombre, precio, descripcion, foto, cat_producto_id, fecha_ingreso) VALUES (11, 'TK-PET SANTI SET DE JUGUETES INTERACTIVOS AZUL PARA GATOS', 5.99, 'Juguetes interactivos para gatos TK Pet Santi surtido variado de 10 juguetes en color azul.Para que tu gato nunca se quede sin juguetes interactivos cuando los meta debajo de los muebles, el surtido TK Pet Santi es un pack de 10 juguetes divertidos con los que siempre tendrá uno a mano.', 'https://www.kiwoko.com/dw/image/v2/BDLQ_PRD/on/demandware.static/-/Sites-kiwoko-master-catalog/default/dw5ae966c7/images/TKPet_Santi_pack_10_juguetes_para_gatos_azul_TKP45540.jpg?sw=780&sh=780&q=85', 2, current_timestamp);
INSERT INTO producto (id, nombre, precio, descripcion, foto, cat_producto_id, fecha_ingreso) VALUES (12, 'NOVA CLEAN SUPER OMEGA ARENERO AZUL PARA GATOS', 35.99, 'Arenero cubierto con amplio espacio para gatos.El arenero para gatos Super Omega de Nova Clean ofrece a tu felino amigo un lugar más íntimo y cómodo donde puede hacer sus necesidades. Puedes colocar un material absorbente o arena dentro y, de esta forma, contribuirás con el bienestar de tu mascota y mantendrás la buena higiene en tu casa. ', 'https://www.kiwoko.com/dw/image/v2/BDLQ_PRD/on/demandware.static/-/Sites-kiwoko-master-catalog/default/dwb2b26b72/images/higiene_gatos_nova_clean_arenero_super_omega_NCL70690_M.jpg?sw=780&sh=780&q=85', 4, current_timestamp);
INSERT INTO producto (id, nombre, precio, descripcion, foto, cat_producto_id, fecha_ingreso) VALUES (13, 'PLAQUEOFF POLVO ANTISARRO PARA HIGIENE BUCAL DE MASCOTAS', 16.99, 'El polvo antisarro para mascotas de PlaqueOff es un producto elaborado de manera natural basando su fórmula en algas marinas que promueven una excelente higiene dental para tu mascota. Actúa de manera sistémica desde el interior. Su principio activo es secretado junto con la saliva para atacar las bacterias existentes en la cavidad bucal.', 'https://www.kiwoko.com/dw/image/v2/BDLQ_PRD/on/demandware.static/-/Sites-kiwoko-master-catalog/default/dw5a59a9a1/images/polvo_antisarro_mascotas_plaqueoff_higiene_bucal_SWEFP0320.jpg?sw=780&sh=780&q=85', 1, '2024-05-20');
INSERT INTO producto (id, nombre, precio, descripcion, foto, cat_producto_id, fecha_ingreso) VALUES (14, 'ECUPHAR COSEQUIN ADVANCED CONDROPROTECTOR ARTICULAR PARA PERROS', 54.99, 'Cosequin Advanced para perros: Comprimidos para la artrosis y el cuidado articular. El condroprotector Cosequin Advanced, en formatos de 40, 120 y 250 comprimidos, está recomendado para perros y gatos con problemas articulares o que presentan síntomas de artrosis, problemas habituales en razas grandes o gigantes de perro, cuando cuentan con una edad avanzada o tienen sobrepeso, incongruencia articular, cirugías articulares o traumatismos.', 'https://www.kiwoko.com/dw/image/v2/BDLQ_PRD/on/demandware.static/-/Sites-kiwoko-master-catalog/default/dwd2baf5ba/images/condoprotector_cosequin_perro_articulaciones_ESTSE506111_M.jpg?sw=780&sh=780&q=85', 1, '2024-05-11');
INSERT INTO producto (id, nombre, precio, descripcion, foto, cat_producto_id, fecha_ingreso) VALUES (15, 'WELLNESS CORE ADULT MEDIUM/LARGE OCEAN SALMÓN Y ATÚN PIENSO PARA PERROS', 22.26, 'Pienso elaborado para perros adultos, con ingredientes seleccionados para mantener una salud fuerte en tu mascota.', 'https://www.kiwoko.com/dw/image/v2/BDLQ_PRD/on/demandware.static/-/Sites-kiwoko-master-catalog/default/dwd06d3db1/images/pienso_perros_newpack_wellness_core_medium_ocean_pescado_WEL10750_M_1.jpg?sw=780&sh=780&q=85', 3, '2024-04-08');
INSERT INTO producto (id, nombre, precio, descripcion, foto, cat_producto_id, fecha_ingreso) VALUES (16, 'THE CAT BAND CAÑA CON PLUMAS', 3.99, 'The Cat Band creó esta caña para gatos para entretenerlo y activar su instinto de caza en el proceso, tiene unas plumas en su extremo que motivará a tu minino a atraparlas mientras la mueves por el aire. Será divertido ver a tu felino tratar de atraparla.', 'https://www.kiwoko.com/dw/image/v2/BDLQ_PRD/on/demandware.static/-/Sites-kiwoko-master-catalog/default/dw0691b1a9/images/varita_colores_the_cat_band_TCB70419_M.jpg?sw=780&sh=780&q=85', 2, '2024-02-12');
INSERT INTO producto (id, nombre, precio, descripcion, foto, cat_producto_id, fecha_ingreso) VALUES (17, 'SUMMER VIBES PISCINA PARA PERROS', 19.99, 'Este verano tu mascota también se merece poder darse un baño. Porque las vacaciones son para todos y nuestros perros también merecen disfrutar de todo lo que viene con el calor. Si a tu peludo le encanta el agua, no habrá nada que le haga más feliz que le regales la piscina Summer Vibes, diseñada especialmente para él, y disponible en 3 tamaños diferentes para adaptarse a cada necesidad. Perros pequeños, medianos y grandes podrán darse un refrescante chapuzón con esta piscina.', 'https://www.kiwoko.com/dw/image/v2/BDLQ_PRD/on/demandware.static/-/Sites-kiwoko-master-catalog/default/dw245e5814/images/accesorios_summer_vibes_verano_piscina_perro_SMV58901.jpg?sw=780&sh=780&q=85', 2, '2024-05-13');
INSERT INTO producto (id, nombre, precio, descripcion, foto, cat_producto_id, fecha_ingreso) VALUES (18, 'TK-PET ARENA AGLOMERANTE DE BENTONITA Y NATURAL PARA GATOS', 9.96, 'Si quieres lo mejor para tu gato, no puedes dejar nada al azar cuando se trata de escoger la arena de su bandeja sanitaria. De hecho, de su calidad dependerá en gran medida el bienestar de tu mascota. Por ello, si adoras a tu felino y quieres lo mejor para él, debes adquirir la arena aglomerante TK-Pet para gatos, un producto imprescindible para mantener a niveles óptimos la higiene del arenero.', 'https://www.kiwoko.com/dw/image/v2/BDLQ_PRD/on/demandware.static/-/Sites-kiwoko-master-catalog/default/dw01daabd6/images/arena_gatos_tkpet_natural_aglomerante_TKP12803_M_1.jpg?sw=780&sh=780&q=85', 4, '2024-02-11');
INSERT INTO producto (id, nombre, precio, descripcion, foto, cat_producto_id, fecha_ingreso) VALUES (19, 'KONG CLASSIC PORTAGOLOSINAS ROJO PARA PERROS', 22.26, 'Estimula a tu mascota al estilo tradicional con un producto de lo más resistente y divertido: el Kong Classic color rojo para perros. Gracias a su vivo color, tu mascota se sentirá muy atraída por este juguete. Además, satisface los instintos de caza de tu compañero, ya que rebota de manera impredecible y tan estimulante como si se tratara de una presa real. ¡Tu perro no podrá resistirse a perseguirlo!', 'https://www.kiwoko.com/dw/image/v2/BDLQ_PRD/on/demandware.static/-/Sites-kiwoko-master-catalog/default/dw08b08bf6/images/juguetes_perros_kong_classic_galletas_KONKTK014_M.jpg?sw=780&sh=780&q=85', 2, '2024-03-25');
INSERT INTO producto (id, nombre, precio, descripcion, foto, cat_producto_id, fecha_ingreso) VALUES (20, 'TK-PET CASETA DE PLÁSTICO 60% RECICLADO ECO PARA PERROS', 69.99, 'Caseta resistente a la intemperie para perros medianos y grandesSi deseas ofrecer un lugar privado a tu mascota, cómodo y con mucho espacio para tomar sus siestas, necesitas colocar en casa la caseta para perros de TK-Pet. Se trata de un fantástico accesorio con un espacio bastante amplio donde tu peludo amigo de raza mediana y grande podrá refugiarse cómodamente para descansar y pasar esos fríos días de invierno.', 'https://www.kiwoko.com/dw/image/v2/BDLQ_PRD/on/demandware.static/-/Sites-kiwoko-master-catalog/default/dw35e4f95c/images/caseta_perros_plastico_gris_TKP41103_M_AG23%20(2).jpg?sw=780&sh=780&q=85', 4, current_timestamp);
INSERT INTO producto (id, nombre, precio, descripcion, foto, cat_producto_id, fecha_ingreso) VALUES (21, 'TRUE ORIGINS PURE ADULT STERILISED POLLO PIENSO PARA GATOS', 20.99, 'Este producto True Origins Pure Adult es un pienso para gatos esterilizados, viene con un delicioso sabor a pollo y a ayuda a mantener el peso de tu gato tras la esterilización, ya que tienden a tener mucho más apetito después de la operación, por eso este pienso es ideal para que el cuerpo de tu minino asimile el cambio en su organismo y no suba de peso de forma excesiva, se mantenga ágil y con mucha energía.', 'https://www.kiwoko.com/dw/image/v2/BDLQ_PRD/on/demandware.static/-/Sites-kiwoko-master-catalog/default/dw1abaf86d/images/pienso_para_gatos_esterilizados_pollo_true_origins_TRU88968_M.jpg?sw=528&sh=528', 3, current_timestamp);
INSERT INTO producto (id, nombre, precio, descripcion, foto, cat_producto_id, fecha_ingreso) VALUES (22, 'EDGARD & COOPER ADULT GRAIN FREE POLLO Y PAVO LATA PARA PERROS', 25.66, 'Este producto de Edgard & Cooper es una comida húmeda para perros, viene en una presentación en lata con una exquisita mezcla de pollo y pavo en su interior para incentivar el apetito de tu canino. Su contenido es a base natural de pollo, pavo, manzana, fresa y zanahoria.', 'https://www.kiwoko.com/dw/image/v2/BDLQ_PRD/on/demandware.static/-/Sites-kiwoko-master-catalog/default/dw04bdfb4b/images/pienso_humedo_perros_edgard_cooper_lata_pollo_pavo_EDG1456_M.jpg?sw=528&sh=528', 3, current_timestamp);
INSERT INTO producto (id, nombre, precio, descripcion, foto, cat_producto_id, fecha_ingreso) VALUES (23, 'NATURES VARIETY ADULT POLLO SOBRE EN SALSA PARA GATOS', 5.60, 'Pollo en salsa para gatos adultos. Este delicioso alimento húmedo para gatos adultos de Natures Variety es una dieta completa y equilibrada con deliciosos trocitos de pollo en una deliciosa salsa que le da un sabor increíble a la receta y además tu mascota disfrutará aún más esa mezcla de texturas.', 'https://www.kiwoko.com/dw/image/v2/BDLQ_PRD/on/demandware.static/-/Sites-kiwoko-master-catalog/default/dw8a8f9017/images/comida_humeda_gatos_natures_variety_pollo_NTV964185.jpg?sw=780&sh=780&q=85', 3, current_timestamp);
ALTER SEQUENCE producto_seq RESTART WITH 100;

INSERT INTO usuario (id, username, password) VALUES (1, 'admin', '{bcrypt}$2a$12$GFIYSJdDr8eNSdI9d3ETsOzgDmpqI7cy7ZZbd/UJL.0QAOV4L97AS');
INSERT INTO usuario (id, username, password) VALUES (2, 'user', '{bcrypt}$2a$12$6KyxxGwzMpdgHdymIelRwOgYrP6nxu9er6SCfBK5hDH7CPaULFcre');
INSERT INTO usuario (id, username, password) VALUES (3, 'franG', '{bcrypt}$2a$12$Lx61frsIDTl7LZAEthRbauNGPHQDRbQxVYtNMGJpHIFbykZsHWOAS');

INSERT INTO administrador (id, nombre, apellido, foto) VALUES (1, 'admin', 'admin', 'https://robohash.org/admin');

INSERT INTO cliente (id, nombre, apellido, fecha_nacimiento, dni, email, telefono, foto) VALUES (2, 'Candi', 'Alcanatrilla', '2002-02-11', '47266163J', 'candicalado@gmail.com', '603662811', 'https://robohash.org/Candi');
INSERT INTO cliente (id, nombre, apellido, fecha_nacimiento, dni, email, telefono, foto) VALUES (3, 'Fran', 'Gamero', '2002-02-11', '47266163J', 'candicalado@gmail.com', '603662811', 'https://robohash.org/Fran');
ALTER SEQUENCE usuario_seq RESTART WITH 100;

INSERT INTO venta (id, cliente_id, admin_id, importe_total, fecha_venta, finalizada) VALUES (1, 3, 1, 203.2, current_timestamp, true);
INSERT INTO venta (id, cliente_id, admin_id, importe_total, fecha_venta, finalizada) VALUES (2, 3, 1, 203.2, current_timestamp, true);
INSERT INTO venta (id, cliente_id, admin_id, importe_total, fecha_venta, finalizada) VALUES (3, 3, 1, 20.5, current_timestamp, true);


ALTER SEQUENCE venta_seq RESTART WITH 100;

INSERT INTO adopcion (animal_id, cliente_id, fecha_adopcion) VALUES (3, 2, '2014-02-14');
INSERT INTO adopcion (animal_id, cliente_id, fecha_adopcion) VALUES (1, 2, '2023-10-23');

INSERT INTO linea_venta(id, cantidad, subtotal, producto_id, venta_id) VALUES (1, 3, 20.3, 3, 2);
INSERT INTO linea_venta(id, cantidad, subtotal, producto_id, venta_id) VALUES (2, 2, 10.3, 2, 1);
INSERT INTO linea_venta(id, cantidad, subtotal, producto_id, venta_id) VALUES (3, 3, 20, 2, 3);
INSERT INTO linea_venta(id, cantidad, subtotal, producto_id, venta_id) VALUES (4, 3, 30.1, 5, 2);


ALTER SEQUENCE linea_venta_seq RESTART WITH 100;



